{
  "compileType": "miniprogram",
  "libVersion": "trial",
  "packOptions": {
    "ignore": [],
    "include": []
  },
  "setting": {
    "coverView": true,
    "es6": true,
    "checkSiteMap": false,
    "postcss": true,
    "minified": true,
    "enhance": true,
    "showShadowRootInWxmlPanel": true,
    "packNpmRelationList": [],
    "babelSetting": {
      "ignore": [],
      "disablePlugins": [],
      "outputPath": ""
    }
  },
  "condition": {},
  "editorSetting": {
    "tabIndent": "auto",
    "tabSize": 2
  },
  "appid": "wxbd8a9530ee791e2a",
  "cloud": true,
  "cloudfunctionRoot": "cloudfunctions/",
  "cloudfunctionTemplateRoot": "cloudfunctionTemplate/"
}